{"cameraMode":{"drawMode":0,"name":"Shaded","section":"Shading Mode"},"sceneLighting":true,"audioPlay":false,"sceneViewState":{"m_AlwaysRefresh":false,"showFog":true,"showSkybox":true,"showFlares":true,"showImageEffects":true,"showParticleSystems":true,"showVisualEffectGraphs":true,"m_FxEnabled":true},"in2DMode":false,"pivot":{"x":-2.4913015365600588,"y":8.588738441467286,"z":15.203300476074219},"rotation":{"x":0.5910806655883789,"y":-0.0012099995510652662,"z":0.0008868248551152647,"w":0.8066121935844421},"size":10.034378051757813,"orthographic":false}