{"cameraMode":{"drawMode":0,"name":"Shaded","section":"Shading Mode"},"sceneLighting":false,"audioPlay":false,"sceneViewState":{"m_AlwaysRefresh":false,"showFog":true,"showSkybox":false,"showFlares":true,"showImageEffects":true,"showParticleSystems":true,"showVisualEffectGraphs":true,"m_FxEnabled":true},"in2DMode":false,"pivot":{"x":-7.67875337600708,"y":1.6215976476669312,"z":10.707716941833496},"rotation":{"x":0.0003562115307431668,"y":-0.9995708465576172,"z":-0.026096362620592119,"w":-0.013512839563190937},"size":7.5246262550354,"orthographic":false}