{"cameraMode":{"drawMode":0,"name":"Shaded","section":"Shading Mode"},"sceneLighting":false,"audioPlay":false,"sceneViewState":{"m_AlwaysRefresh":false,"showFog":true,"showSkybox":false,"showFlares":true,"showImageEffects":true,"showParticleSystems":true,"showVisualEffectGraphs":true,"m_FxEnabled":true},"in2DMode":false,"pivot":{"x":-14.403525352478028,"y":1.2445487976074219,"z":11.220149993896485},"rotation":{"x":0.03206875920295715,"y":0.6632750034332275,"z":-0.02847333624958992,"w":0.7471504211425781},"size":12.727765083312989,"orthographic":false}